year,value,ln_val,scale
1875,1263902,14.049714319037637,3.7482948548690294
1880,1522173,14.235649477172899,3.7730159656663127
1885,2362889,14.675395580880366,3.830847893205937
1890,3485176,15.06402910305365,3.8812406654385208
1895,4158960,15.240775600982237,3.903943596029819
1899,4220120,15.255374121626856,3.905812863108889
